,Unnamed: 0,ville,idTypeBien,surface gr_x,prix loc,prix achat,yield,city,arr,surface gr_y,price abnb,yield bnb
0,0,Villeurbanne,4,"(80, 999999]",59.0,285000.0,0.0024842105,Villeurbanne,,"(0, 35]",1155.0,0.0040526315789473685
1,1,Villeurbanne,1,"(0, 35]",441.652,211166.666666667,0.0250978248,Villeurbanne,,"(0, 35]",1155.0,0.005469613259668499
2,2,Villeurbanne,1,"(35, 50]",589.4266666666999,187571.428571429,0.0377089414,Villeurbanne,,"(0, 35]",1155.0,0.006157654226961144
3,3,Villeurbanne,1,"(50, 80]",795.5,207111.111111111,0.0460912017,Villeurbanne,,"(0, 35]",1155.0,0.0055767167381974275
4,4,Villeurbanne,1,"(80, 999999]",2000.0,188400.0,0.127388535,Villeurbanne,,"(0, 35]",1155.0,0.006130573248407644
5,5,Nantes,2,"(0, 35]",645.0,2704000.0,0.002862426,Nantes,,"(0, 35]",1314.545454546,0.0004861484669178994
6,6,Nantes,2,"(0, 35]",645.0,2704000.0,0.002862426,Nantes,,"(50, 80]",1305.0,0.0004826183431952663
7,7,Nantes,2,"(0, 35]",645.0,2704000.0,0.002862426,Nantes,,"(80, 999999]",1650.0,0.0006102071005917159
8,8,Nantes,2,"(50, 80]",710.0,408673.33333333296,0.020847947,Nantes,,"(0, 35]",1314.545454546,0.003216616665011993
9,9,Nantes,2,"(50, 80]",710.0,408673.33333333296,0.020847947,Nantes,,"(50, 80]",1305.0,0.003193259490057261
10,10,Nantes,2,"(50, 80]",710.0,408673.33333333296,0.020847947,Nantes,,"(80, 999999]",1650.0,0.004037454527658606
11,11,Nantes,1,"(0, 35]",473.81,249469.583333333,0.022791235400000002,Nantes,,"(0, 35]",1314.545454546,0.005269361647145367
12,12,Nantes,1,"(0, 35]",473.81,249469.583333333,0.022791235400000002,Nantes,,"(50, 80]",1305.0,0.00523109864763073
13,13,Nantes,1,"(0, 35]",473.81,249469.583333333,0.022791235400000002,Nantes,,"(80, 999999]",1650.0,0.006614032772866441
14,14,Nantes,1,"(35, 50]",541.4298275862001,197749.891304348,0.0328554311,Nantes,,"(0, 35]",1314.545454546,0.006647515434144244
15,15,Nantes,1,"(35, 50]",541.4298275862001,197749.891304348,0.0328554311,Nantes,,"(50, 80]",1305.0,0.006599245093852076
16,16,Nantes,1,"(35, 50]",541.4298275862001,197749.891304348,0.0328554311,Nantes,,"(80, 999999]",1650.0,0.008343873107169292
17,17,Nantes,1,"(50, 80]",635.4875,126598.225806452,0.060236626200000004,Nantes,,"(0, 35]",1314.545454546,0.010383600924674294
18,18,Nantes,1,"(50, 80]",635.4875,126598.225806452,0.060236626200000004,Nantes,,"(50, 80]",1305.0,0.010308201332893336
19,19,Nantes,1,"(50, 80]",635.4875,126598.225806452,0.060236626200000004,Nantes,,"(80, 999999]",1650.0,0.013033358007106517
20,20,Nantes,2,"(80, 999999]",1613.0,255670.0,0.075706966,Nantes,,"(0, 35]",1314.545454546,0.005141570988172253
21,21,Nantes,2,"(80, 999999]",1613.0,255670.0,0.075706966,Nantes,,"(50, 80]",1305.0,0.005104235929127391
22,22,Nantes,2,"(80, 999999]",1613.0,255670.0,0.075706966,Nantes,,"(80, 999999]",1650.0,0.006453631634528885
23,23,Lyon 5ème,1,"(0, 35]",491.0,1690000.0,0.0034863905,Lyon,5ème,"(0, 35]",1483.9130434770002,0.0008780550553118344
24,24,Lyon 2ème,1,"(50, 80]",1032.55,1195500.0,0.0103643664,Lyon,2ème,"(0, 35]",1483.9130434770002,0.0012412488862208282
25,25,Lyon 6ème,1,"(50, 80]",1168.3333333333,1195000.0,0.0117322176,Lyon,6ème,"(0, 35]",1483.9130434770002,0.001241768237219247
26,26,Lyon 3ème,1,"(0, 35]",464.71,301450.0,0.0184989882,Lyon,3ème,"(0, 35]",1483.9130434770002,0.004922584320706585
27,27,Lyon 7ème,1,"(0, 35]",402.6666666667,215000.0,0.022474418599999997,Lyon,7ème,"(0, 35]",1483.9130434770002,0.006901921132451164
28,28,Lyon 2ème,1,"(80, 999999]",1533.3333333332998,782000.0,0.0235294118,Lyon,2ème,"(0, 35]",1483.9130434770002,0.0018975870121189261
29,29,Lyon 3ème,1,"(35, 50]",588.3333333333001,281610.0,0.0250701325,Lyon,3ème,"(0, 35]",1483.9130434770002,0.0052693904459252166
30,30,Lyon 4ème,1,"(35, 50]",1100.0,467678.0,0.0282245477,Lyon,4ème,"(0, 35]",1483.9130434770002,0.0031729374558499657
31,31,Lyon 2ème,1,"(0, 35]",620.0,207000.0,0.035942029,Lyon,2ème,"(0, 35]",1483.9130434770002,0.00716866204578261
32,32,Lyon 5ème,1,"(35, 50]",740.0,240500.0,0.0369230769,Lyon,5ème,"(0, 35]",1483.9130434770002,0.0061701166048939715
33,33,Lyon 1er,1,"(50, 80]",902.5,288500.0,0.0375389948,Lyon,1er,"(0, 35]",1483.9130434770002,0.00514354607790988
34,34,Lyon 9ème,1,"(50, 80]",602.0,187333.333333333,0.0385622776,Lyon,9ème,"(0, 35]",1483.9130434770002,0.007921244004325638
35,35,Lyon 8ème,2,"(80, 999999]",1053.0,299000.0,0.0422608696,Lyon,8ème,"(0, 35]",1483.9130434770002,0.004962919877849499
36,36,Lyon 7ème,1,"(50, 80]",814.3333333333001,222000.0,0.044018018,Lyon,7ème,"(0, 35]",1483.9130434770002,0.006684292988635136
37,37,Lyon 9ème,1,"(0, 35]",490.0,132500.0,0.0443773585,Lyon,9ème,"(0, 35]",1483.9130434770002,0.011199343724354719
38,38,Lyon 3ème,1,"(50, 80]",840.0,213075.0,0.0473072862,Lyon,3ème,"(0, 35]",1483.9130434770002,0.0069642756938965164
39,39,Lyon 5ème,1,"(50, 80]",835.7783333333,162000.0,0.0619095062,Lyon,5ème,"(0, 35]",1483.9130434770002,0.009159957058500002
40,40,Lyon 8ème,1,"(35, 50]",699.0,128000.0,0.06553125,Lyon,8ème,"(0, 35]",1483.9130434770002,0.011593070652164065
41,41,Lyon 3ème,1,"(80, 999999]",1597.0,267500.0,0.0716411215,Lyon,3ème,"(0, 35]",1483.9130434770002,0.005547338480287851
42,42,Lyon 8ème,1,"(50, 80]",835.0,119689.0,0.0837169665,Lyon,8ème,"(0, 35]",1483.9130434770002,0.01239807370332278
43,43,Lyon 5ème,1,"(80, 999999]",2476.6666666667,180000.0,0.16511111109999999,Lyon,5ème,"(0, 35]",1483.9130434770002,0.00824396135265
44,44,Nice,2,"(35, 50]",730.0,1100000.0,0.0079636364,Nice,,"(0, 35]",1410.624999999,0.0012823863636354546
45,45,Nice,9,"(0, 35]",480.0,380000.0,0.0151578947,Nice,,"(0, 35]",1410.624999999,0.0037121710526289474
46,46,Nice,1,"(35, 50]",700.3083783784,295152.272727273,0.028472423599999998,Nice,,"(0, 35]",1410.624999999,0.00477931268143223
47,47,Nice,1,"(0, 35]",600.7857142857,219908.333333333,0.0327837898,Nice,,"(0, 35]",1410.624999999,0.006414604570081484
48,48,Nice,1,"(50, 80]",950.2631578947,330406.25,0.0345125369,Nice,,"(0, 35]",1410.624999999,0.004269365364604937
49,49,Nice,2,"(80, 999999]",2579.7422222222,630100.0,0.0491301487,Nice,,"(0, 35]",1410.624999999,0.0022387319473083636
50,50,Nice,1,"(80, 999999]",1400.6666666667002,297250.0,0.0565449958,Nice,,"(0, 35]",1410.624999999,0.004745584524807401
51,51,Nice,2,"(50, 80]",2500.0,475000.0,0.0631578947,Nice,,"(0, 35]",1410.624999999,0.0029697368421031578
52,52,Marseille 7ème,1,"(50, 80]",915.0,1315000.0,0.0083498099,Marseille,7ème,"(0, 35]",1190.930232558,0.0009056503669642585
53,53,Marseille 7ème,1,"(50, 80]",915.0,1315000.0,0.0083498099,Marseille,7ème,"(50, 80]",2082.0,0.0015832699619771863
54,54,Marseille 2ème,1,"(50, 80]",740.0,508750.0,0.0174545455,Marseille,2ème,"(0, 35]",1190.930232558,0.0023408948060108107
55,55,Marseille 2ème,1,"(50, 80]",740.0,508750.0,0.0174545455,Marseille,2ème,"(50, 80]",2082.0,0.004092383292383293
56,56,Marseille 7ème,1,"(35, 50]",889.2266666667,574000.0,0.0185901045,Marseille,7ème,"(0, 35]",1190.930232558,0.0020747913459198603
57,57,Marseille 7ème,1,"(35, 50]",889.2266666667,574000.0,0.0185901045,Marseille,7ème,"(50, 80]",2082.0,0.003627177700348432
58,58,Marseille 8ème,1,"(35, 50]",659.8333333333001,332019.833333333,0.0238479729,Marseille,8ème,"(0, 35]",1190.930232558,0.003586924975540119
59,59,Marseille 8ème,1,"(35, 50]",659.8333333333001,332019.833333333,0.0238479729,Marseille,8ème,"(50, 80]",2082.0,0.006270709731697761
60,60,Marseille 7ème,1,"(0, 35]",600.0,299000.0,0.024080267599999997,Marseille,7ème,"(0, 35]",1190.930232558,0.0039830442560468225
61,61,Marseille 7ème,1,"(0, 35]",600.0,299000.0,0.024080267599999997,Marseille,7ème,"(50, 80]",2082.0,0.006963210702341137
62,62,Marseille 4ème,1,"(35, 50]",560.0,275724.0,0.0243721983,Marseille,4ème,"(0, 35]",1190.930232558,0.004319283894612003
63,63,Marseille 4ème,1,"(35, 50]",560.0,275724.0,0.0243721983,Marseille,4ème,"(50, 80]",2082.0,0.007551029290159725
64,64,Marseille 8ème,2,"(80, 999999]",2666.6666666667,1280000.0,0.025,Marseille,8ème,"(0, 35]",1190.930232558,0.0009304142441859375
65,65,Marseille 8ème,2,"(80, 999999]",2666.6666666667,1280000.0,0.025,Marseille,8ème,"(50, 80]",2082.0,0.0016265625
66,66,Marseille 12ème,1,"(35, 50]",676.0,309400.0,0.0262184874,Marseille,12ème,"(0, 35]",1190.930232558,0.0038491604155074335
67,67,Marseille 12ème,1,"(35, 50]",676.0,309400.0,0.0262184874,Marseille,12ème,"(50, 80]",2082.0,0.006729153199741435
68,68,Marseille 12ème,2,"(80, 999999]",1712.5,780000.0,0.026346153799999997,Marseille,12ème,"(0, 35]",1190.930232558,0.0015268336314846153
69,69,Marseille 12ème,2,"(80, 999999]",1712.5,780000.0,0.026346153799999997,Marseille,12ème,"(50, 80]",2082.0,0.0026692307692307692
70,70,Marseille 11ème,2,"(80, 999999]",1526.25,682500.0,0.0268351648,Marseille,11ème,"(0, 35]",1190.930232558,0.0017449527216967032
71,71,Marseille 11ème,2,"(80, 999999]",1526.25,682500.0,0.0268351648,Marseille,11ème,"(50, 80]",2082.0,0.0030505494505494507
72,72,Marseille 6ème,1,"(0, 35]",493.2857142857,202000.0,0.029304101800000003,Marseille,6ème,"(0, 35]",1190.930232558,0.0058956942205841585
73,73,Marseille 6ème,1,"(0, 35]",493.2857142857,202000.0,0.029304101800000003,Marseille,6ème,"(50, 80]",2082.0,0.010306930693069307
74,74,Marseille 12ème,2,"(50, 80]",1040.0,412500.0,0.030254545499999997,Marseille,12ème,"(0, 35]",1190.930232558,0.00288710359408
75,75,Marseille 12ème,2,"(50, 80]",1040.0,412500.0,0.030254545499999997,Marseille,12ème,"(50, 80]",2082.0,0.0050472727272727275
76,76,Marseille 5ème,2,"(50, 80]",1145.0,369000.0,0.037235772400000006,Marseille,5ème,"(0, 35]",1190.930232558,0.0032274532047642276
77,77,Marseille 5ème,2,"(50, 80]",1145.0,369000.0,0.037235772400000006,Marseille,5ème,"(50, 80]",2082.0,0.005642276422764228
78,78,Marseille 2ème,1,"(0, 35]",595.0,185000.0,0.0385945946,Marseille,2ème,"(0, 35]",1190.930232558,0.0064374607165297295
79,79,Marseille 2ème,1,"(0, 35]",595.0,185000.0,0.0385945946,Marseille,2ème,"(50, 80]",2082.0,0.011254054054054054
80,80,Marseille 8ème,1,"(80, 999999]",2194.0,638200.0,0.0412535255,Marseille,8ème,"(0, 35]",1190.930232558,0.0018660768294547162
81,81,Marseille 8ème,1,"(80, 999999]",2194.0,638200.0,0.0412535255,Marseille,8ème,"(50, 80]",2082.0,0.0032623002193669696
82,82,Marseille 3ème,1,"(0, 35]",424.0,123083.0,0.0413379589,Marseille,3ème,"(0, 35]",1190.930232558,0.009675830395407977
83,83,Marseille 3ème,1,"(0, 35]",424.0,123083.0,0.0413379589,Marseille,3ème,"(50, 80]",2082.0,0.01691541480139418
84,84,Marseille 5ème,1,"(35, 50]",537.875,154000.0,0.0419123377,Marseille,5ème,"(0, 35]",1190.930232558,0.007733313198428571
85,85,Marseille 5ème,1,"(35, 50]",537.875,154000.0,0.0419123377,Marseille,5ème,"(50, 80]",2082.0,0.01351948051948052
86,86,Marseille 7ème,2,"(80, 999999]",4946.6666666667,1410800.0,0.042075418200000006,Marseille,7ème,"(0, 35]",1190.930232558,0.0008441524188814856
87,87,Marseille 7ème,2,"(80, 999999]",4946.6666666667,1410800.0,0.042075418200000006,Marseille,7ème,"(50, 80]",2082.0,0.0014757584349305358
88,88,Marseille 8ème,1,"(50, 80]",908.3588888889,252384.615384615,0.0431892675,Marseille,8ème,"(0, 35]",1190.930232558,0.004718711680357824
89,89,Marseille 8ème,1,"(50, 80]",908.3588888889,252384.615384615,0.0431892675,Marseille,8ème,"(50, 80]",2082.0,0.00824931423346542
90,90,Marseille 9ème,2,"(80, 999999]",1700.0,470000.0,0.0434042553,Marseille,9ème,"(0, 35]",1190.930232558,0.002533894111825532
91,91,Marseille 9ème,2,"(80, 999999]",1700.0,470000.0,0.0434042553,Marseille,9ème,"(50, 80]",2082.0,0.004429787234042553
92,92,Marseille 6ème,1,"(80, 999999]",1700.0,456000.0,0.0447368421,Marseille,6ème,"(0, 35]",1190.930232558,0.002611689106486842
93,93,Marseille 6ème,1,"(80, 999999]",1700.0,456000.0,0.0447368421,Marseille,6ème,"(50, 80]",2082.0,0.0045657894736842106
94,94,Marseille 13ème,2,"(80, 999999]",1707.0,441780.0,0.04636697,Marseille,13ème,"(0, 35]",1190.930232558,0.0026957540688985464
95,95,Marseille 13ème,2,"(80, 999999]",1707.0,441780.0,0.04636697,Marseille,13ème,"(50, 80]",2082.0,0.0047127529539589845
96,96,Marseille 9ème,1,"(0, 35]",530.0,131240.0,0.048460835099999995,Marseille,9ème,"(0, 35]",1190.930232558,0.009074445539149649
97,97,Marseille 9ème,1,"(0, 35]",530.0,131240.0,0.048460835099999995,Marseille,9ème,"(50, 80]",2082.0,0.01586406583358732
98,98,Marseille 10ème,1,"(35, 50]",614.5,135750.0,0.054320442000000004,Marseille,10ème,"(0, 35]",1190.930232558,0.008772966722342542
99,99,Marseille 10ème,1,"(35, 50]",614.5,135750.0,0.054320442000000004,Marseille,10ème,"(50, 80]",2082.0,0.015337016574585636
100,100,Marseille 3ème,1,"(35, 50]",560.0,120000.0,0.055999999999999994,Marseille,3ème,"(0, 35]",1190.930232558,0.00992441860465
101,101,Marseille 3ème,1,"(35, 50]",560.0,120000.0,0.055999999999999994,Marseille,3ème,"(50, 80]",2082.0,0.01735
102,102,Marseille 13ème,1,"(35, 50]",595.0,124500.0,0.0573493976,Marseille,13ème,"(0, 35]",1190.930232558,0.009565704679180722
103,103,Marseille 13ème,1,"(35, 50]",595.0,124500.0,0.0573493976,Marseille,13ème,"(50, 80]",2082.0,0.01672289156626506
104,104,Marseille 10ème,1,"(50, 80]",790.0,165000.0,0.057454545499999995,Marseille,10ème,"(0, 35]",1190.930232558,0.0072177589852
105,105,Marseille 10ème,1,"(50, 80]",790.0,165000.0,0.057454545499999995,Marseille,10ème,"(50, 80]",2082.0,0.012618181818181818
106,106,Marseille 13ème,1,"(50, 80]",767.8,160000.0,0.057585000000000004,Marseille,13ème,"(0, 35]",1190.930232558,0.0074433139534875
107,107,Marseille 13ème,1,"(50, 80]",767.8,160000.0,0.057585000000000004,Marseille,13ème,"(50, 80]",2082.0,0.0130125
108,108,Marseille 12ème,1,"(50, 80]",881.6666666666999,174333.333333333,0.0606883365,Marseille,12ème,"(0, 35]",1190.930232558,0.006831339766107087
109,109,Marseille 12ème,1,"(50, 80]",881.6666666666999,174333.333333333,0.0606883365,Marseille,12ème,"(50, 80]",2082.0,0.011942638623326982
110,110,Marseille 9ème,1,"(35, 50]",657.5,126500.0,0.0623715415,Marseille,9ème,"(0, 35]",1190.930232558,0.009414468241565216
111,111,Marseille 9ème,1,"(35, 50]",657.5,126500.0,0.0623715415,Marseille,9ème,"(50, 80]",2082.0,0.016458498023715414
112,112,Marseille 9ème,1,"(50, 80]",797.5,148677.777777778,0.0643673866,Marseille,9ème,"(0, 35]",1190.930232558,0.008010142809223512
113,113,Marseille 9ème,1,"(50, 80]",797.5,148677.777777778,0.0643673866,Marseille,9ème,"(50, 80]",2082.0,0.014003437710186063
114,114,Marseille,2,"(80, 999999]",1266.6666666667,224000.0,0.0678571429,Marseille,,"(0, 35]",1190.930232558,0.005316652823919642
115,115,Marseille,2,"(80, 999999]",1266.6666666667,224000.0,0.0678571429,Marseille,,"(50, 80]",2082.0,0.009294642857142857
116,116,Marseille 10ème,1,"(0, 35]",603.0,106500.0,0.067943662,Marseille,10ème,"(0, 35]",1190.930232558,0.011182443498197183
117,117,Marseille 10ème,1,"(0, 35]",603.0,106500.0,0.067943662,Marseille,10ème,"(50, 80]",2082.0,0.01954929577464789
118,118,Marseille 5ème,1,"(50, 80]",779.6,126833.33333333301,0.0737597898,Marseille,5ème,"(0, 35]",1190.930232558,0.009389725880877817
119,119,Marseille 5ème,1,"(50, 80]",779.6,126833.33333333301,0.0737597898,Marseille,5ème,"(50, 80]",2082.0,0.016415243101182697
120,120,Marseille 6ème,1,"(50, 80]",900.0,145000.0,0.0744827586,Marseille,6ème,"(0, 35]",1190.930232558,0.008213311948675861
121,121,Marseille 6ème,1,"(50, 80]",900.0,145000.0,0.0744827586,Marseille,6ème,"(50, 80]",2082.0,0.014358620689655172
122,122,Marseille 4ème,1,"(0, 35]",500.0,79333.3333333333,0.0756302521,Marseille,4ème,"(0, 35]",1190.930232558,0.015011725620478998
123,123,Marseille 4ème,1,"(0, 35]",500.0,79333.3333333333,0.0756302521,Marseille,4ème,"(50, 80]",2082.0,0.026243697478991607
124,124,Marseille 12ème,1,"(80, 999999]",1101.6666666667,139000.0,0.09510791369999999,Marseille,12ème,"(0, 35]",1190.930232558,0.008567843399697841
125,125,Marseille 12ème,1,"(80, 999999]",1101.6666666667,139000.0,0.09510791369999999,Marseille,12ème,"(50, 80]",2082.0,0.01497841726618705
126,126,Marseille 9ème,1,"(80, 999999]",1020.0,127000.0,0.0963779528,Marseille,9ème,"(0, 35]",1190.930232558,0.009377403405968503
127,127,Marseille 9ème,1,"(80, 999999]",1020.0,127000.0,0.0963779528,Marseille,9ème,"(50, 80]",2082.0,0.016393700787401575
128,128,Marseille 13ème,1,"(80, 999999]",1065.5,123000.0,0.1039512195,Marseille,13ème,"(0, 35]",1190.930232558,0.009682359614292682
129,129,Marseille 13ème,1,"(80, 999999]",1065.5,123000.0,0.1039512195,Marseille,13ème,"(50, 80]",2082.0,0.016926829268292684
130,130,Marseille 4ème,1,"(50, 80]",783.0,70000.0,0.1342285714,Marseille,4ème,"(0, 35]",1190.930232558,0.017013289036542856
131,131,Marseille 4ème,1,"(50, 80]",783.0,70000.0,0.1342285714,Marseille,4ème,"(50, 80]",2082.0,0.029742857142857144
132,132,Marseille 1er,1,"(50, 80]",754.25,62000.0,0.145983871,Marseille,1er,"(0, 35]",1190.930232558,0.019208552138032256
133,133,Marseille 1er,1,"(50, 80]",754.25,62000.0,0.145983871,Marseille,1er,"(50, 80]",2082.0,0.03358064516129032
134,134,Marseille 4ème,1,"(80, 999999]",1070.0,82000.0,0.1565853659,Marseille,4ème,"(0, 35]",1190.930232558,0.014523539421439025
135,135,Marseille 4ème,1,"(80, 999999]",1070.0,82000.0,0.1565853659,Marseille,4ème,"(50, 80]",2082.0,0.025390243902439026
136,136,Paris 17ème,1,"(0, 35]",858.75,1130500.0,0.009115435600000001,Paris,17ème,"(0, 35]",1585.5172413779999,0.0014024920312941174
137,137,Paris 17ème,1,"(0, 35]",858.75,1130500.0,0.009115435600000001,Paris,17ème,"(50, 80]",2730.0,0.002414860681114551
138,138,Paris 16ème,1,"(0, 35]",911.9233333333,1188800.0,0.009205148,Paris,16ème,"(0, 35]",1585.5172413779999,0.0013337123497459621
139,139,Paris 16ème,1,"(0, 35]",911.9233333333,1188800.0,0.009205148,Paris,16ème,"(50, 80]",2730.0,0.0022964333781965007
140,140,Paris 7ème,1,"(35, 50]",1766.25,2208000.0,0.0095991848,Paris,7ème,"(0, 35]",1585.5172413779999,0.0007180784607690217
141,141,Paris 7ème,1,"(35, 50]",1766.25,2208000.0,0.0095991848,Paris,7ème,"(50, 80]",2730.0,0.001236413043478261
142,142,Paris 19ème,1,"(0, 35]",780.0,947500.0,0.009878628,Paris,19ème,"(0, 35]",1585.5172413779999,0.0016733691201878628
143,143,Paris 19ème,1,"(0, 35]",780.0,947500.0,0.009878628,Paris,19ème,"(50, 80]",2730.0,0.0028812664907651715
144,144,Paris 17ème,1,"(50, 80]",2005.2857142857001,2375000.0,0.0101319699,Paris,17ème,"(0, 35]",1585.5172413779999,0.000667586206896
145,145,Paris 17ème,1,"(50, 80]",2005.2857142857001,2375000.0,0.0101319699,Paris,17ème,"(50, 80]",2730.0,0.0011494736842105264
146,146,Paris 7ème,1,"(50, 80]",2158.3333333333,2290000.0,0.011310043700000001,Paris,7ème,"(0, 35]",1585.5172413779999,0.0006923656075886462
147,147,Paris 7ème,1,"(50, 80]",2158.3333333333,2290000.0,0.011310043700000001,Paris,7ème,"(50, 80]",2730.0,0.0011921397379912665
148,148,Paris 17ème,1,"(35, 50]",1224.1666666667,1254000.0,0.0117145136,Paris,17ème,"(0, 35]",1585.5172413779999,0.001264367816090909
149,149,Paris 17ème,1,"(35, 50]",1224.1666666667,1254000.0,0.0117145136,Paris,17ème,"(50, 80]",2730.0,0.0021770334928229666
150,150,Paris 19ème,1,"(50, 80]",1500.0,1387500.0,0.012972973,Paris,19ème,"(0, 35]",1585.5172413779999,0.001142715128921081
151,151,Paris 19ème,1,"(50, 80]",1500.0,1387500.0,0.012972973,Paris,19ème,"(50, 80]",2730.0,0.0019675675675675675
152,152,Paris 6ème,1,"(35, 50]",1540.0,1395000.0,0.0132473118,Paris,6ème,"(0, 35]",1585.5172413779999,0.0011365714991956987
153,153,Paris 6ème,1,"(35, 50]",1540.0,1395000.0,0.0132473118,Paris,6ème,"(50, 80]",2730.0,0.001956989247311828
154,154,Paris 16ème,1,"(35, 50]",1297.6,1160458.33333333,0.0134181466,Paris,16ème,"(0, 35]",1585.5172413779999,0.001366285368319705
155,155,Paris 16ème,1,"(35, 50]",1297.6,1160458.33333333,0.0134181466,Paris,16ème,"(50, 80]",2730.0,0.0023525187605472043
156,156,Paris 13ème,1,"(0, 35]",900.0,790000.0,0.013670886100000001,Paris,13ème,"(0, 35]",1585.5172413779999,0.0020069838498455693
157,157,Paris 13ème,1,"(0, 35]",900.0,790000.0,0.013670886100000001,Paris,13ème,"(50, 80]",2730.0,0.0034556962025316454
158,158,Paris 15ème,1,"(0, 35]",936.25,820000.0,0.0137012195,Paris,15ème,"(0, 35]",1585.5172413779999,0.0019335576114365852
159,159,Paris 15ème,1,"(0, 35]",936.25,820000.0,0.0137012195,Paris,15ème,"(50, 80]",2730.0,0.0033292682926829268
160,160,Paris 2ème,1,"(35, 50]",1724.0,1440000.0,0.014366666699999999,Paris,2ème,"(0, 35]",1585.5172413779999,0.0011010536398458333
161,161,Paris 2ème,1,"(35, 50]",1724.0,1440000.0,0.014366666699999999,Paris,2ème,"(50, 80]",2730.0,0.0018958333333333334
162,162,Paris 2ème,1,"(0, 35]",1262.5,1050000.0,0.0144285714,Paris,2ème,"(0, 35]",1585.5172413779999,0.00151001642036
163,163,Paris 2ème,1,"(0, 35]",1262.5,1050000.0,0.0144285714,Paris,2ème,"(50, 80]",2730.0,0.0026
164,164,Paris 20ème,1,"(0, 35]",798.0,660000.0,0.0145090909,Paris,20ème,"(0, 35]",1585.5172413779999,0.002402298850572727
165,165,Paris 20ème,1,"(0, 35]",798.0,660000.0,0.0145090909,Paris,20ème,"(50, 80]",2730.0,0.004136363636363636
166,166,Paris 9ème,1,"(50, 80]",1890.0,1550000.0,0.0146322581,Paris,9ème,"(0, 35]",1585.5172413779999,0.001022914349276129
167,167,Paris 9ème,1,"(50, 80]",1890.0,1550000.0,0.0146322581,Paris,9ème,"(50, 80]",2730.0,0.0017612903225806451
168,168,Paris 9ème,1,"(0, 35]",990.0,745666.666666667,0.0159320519,Paris,9ème,"(0, 35]",1585.5172413779999,0.0021263083254957522
169,169,Paris 9ème,1,"(0, 35]",990.0,745666.666666667,0.0159320519,Paris,9ème,"(50, 80]",2730.0,0.00366115333035315
170,170,Paris 4ème,1,"(35, 50]",1546.6666666667002,1113333.33333333,0.0166706587,Paris,4ème,"(0, 35]",1585.5172413779999,0.0014241172826748544
171,171,Paris 4ème,1,"(35, 50]",1546.6666666667002,1113333.33333333,0.0166706587,Paris,4ème,"(50, 80]",2730.0,0.002452095808383241
172,172,Paris 14ème,1,"(0, 35]",800.0,561250.0,0.0171046771,Paris,14ème,"(0, 35]",1585.5172413779999,0.002824975040317149
173,173,Paris 14ème,1,"(0, 35]",800.0,561250.0,0.0171046771,Paris,14ème,"(50, 80]",2730.0,0.0048641425389755015
174,174,Paris 13ème,1,"(35, 50]",1212.3333333333,850000.0,0.017115294099999998,Paris,13ème,"(0, 35]",1585.5172413779999,0.0018653144016211763
175,175,Paris 13ème,1,"(35, 50]",1212.3333333333,850000.0,0.017115294099999998,Paris,13ème,"(50, 80]",2730.0,0.0032117647058823528
176,176,Paris 6ème,1,"(50, 80]",2160.0,1452125.0,0.017849703,Paris,6ème,"(0, 35]",1585.5172413779999,0.0010918600267731773
177,177,Paris 6ème,1,"(50, 80]",2160.0,1452125.0,0.017849703,Paris,6ème,"(50, 80]",2730.0,0.0018800034432297494
178,178,Paris 1er,1,"(0, 35]",1219.1666666667,811993.333333333,0.0180173893,Paris,1er,"(0, 35]",1585.5172413779999,0.0019526234715120819
179,179,Paris 1er,1,"(0, 35]",1219.1666666667,811993.333333333,0.0180173893,Paris,1er,"(50, 80]",2730.0,0.003362096568937349
180,180,Paris 7ème,1,"(80, 999999]",2500.0,1649326.0,0.0181892482,Paris,7ème,"(0, 35]",1585.5172413779999,0.0009613122217063211
181,181,Paris 7ème,1,"(80, 999999]",2500.0,1649326.0,0.0181892482,Paris,7ème,"(50, 80]",2730.0,0.0016552215874848272
182,182,Paris 16ème,1,"(50, 80]",2524.2727272726997,1564500.0,0.0193616317,Paris,16ème,"(0, 35]",1585.5172413779999,0.0010134338391677852
183,183,Paris 16ème,1,"(50, 80]",2524.2727272726997,1564500.0,0.0193616317,Paris,16ème,"(50, 80]",2730.0,0.00174496644295302
184,184,Paris 4ème,1,"(0, 35]",1050.0,625000.0,0.02016,Paris,4ème,"(0, 35]",1585.5172413779999,0.0025368275862047997
185,185,Paris 4ème,1,"(0, 35]",1050.0,625000.0,0.02016,Paris,4ème,"(50, 80]",2730.0,0.004368
186,186,Paris 8ème,1,"(35, 50]",1900.0,1129125.0,0.020192627,Paris,8ème,"(0, 35]",1585.5172413779999,0.0014041999259408833
187,187,Paris 8ème,1,"(35, 50]",1900.0,1129125.0,0.020192627,Paris,8ème,"(50, 80]",2730.0,0.00241780139488542
188,188,Paris 12ème,1,"(50, 80]",1114.0,631666.666666667,0.0211630607,Paris,12ème,"(0, 35]",1585.5172413779999,0.0025100536802817926
189,189,Paris 12ème,1,"(50, 80]",1114.0,631666.666666667,0.0211630607,Paris,12ème,"(50, 80]",2730.0,0.004321899736147755
190,190,Paris 15ème,1,"(35, 50]",1541.25,826500.0,0.022377495499999997,Paris,15ème,"(0, 35]",1585.5172413779999,0.0019183511692413792
191,191,Paris 15ème,1,"(35, 50]",1541.25,826500.0,0.022377495499999997,Paris,15ème,"(50, 80]",2730.0,0.0033030852994555353
192,192,Paris 12ème,1,"(35, 50]",1317.0,704000.0,0.022448863599999997,Paris,12ème,"(0, 35]",1585.5172413779999,0.0022521551724119316
193,193,Paris 12ème,1,"(35, 50]",1317.0,704000.0,0.022448863599999997,Paris,12ème,"(50, 80]",2730.0,0.003877840909090909
194,194,Paris 8ème,1,"(50, 80]",2250.0,988352.0,0.0273182024,Paris,8ème,"(0, 35]",1585.5172413779999,0.0016042029978975102
195,195,Paris 8ème,1,"(50, 80]",2250.0,988352.0,0.0273182024,Paris,8ème,"(50, 80]",2730.0,0.002762173800427378
196,196,Paris 3ème,1,"(35, 50]",1390.0,595000.0,0.028033613399999997,Paris,3ème,"(0, 35]",1585.5172413779999,0.0026647348594588233
197,197,Paris 3ème,1,"(35, 50]",1390.0,595000.0,0.028033613399999997,Paris,3ème,"(50, 80]",2730.0,0.004588235294117647
198,198,Paris 11ème,1,"(50, 80]",1446.205,587000.0,0.0295646678,Paris,11ème,"(0, 35]",1585.5172413779999,0.002701051518531516
199,199,Paris 11ème,1,"(50, 80]",1446.205,587000.0,0.0295646678,Paris,11ème,"(50, 80]",2730.0,0.00465076660988075
200,200,Paris 7ème,1,"(0, 35]",1197.5,482500.0,0.029782383399999997,Paris,7ème,"(0, 35]",1585.5172413779999,0.003286046096120207
201,201,Paris 7ème,1,"(0, 35]",1197.5,482500.0,0.029782383399999997,Paris,7ème,"(50, 80]",2730.0,0.005658031088082901
202,202,Paris 1er,1,"(50, 80]",1960.0,787000.0,0.0298856417,Paris,1er,"(0, 35]",1585.5172413779999,0.0020146343600736974
203,203,Paris 1er,1,"(50, 80]",1960.0,787000.0,0.0298856417,Paris,1er,"(50, 80]",2730.0,0.003468869123252859
204,204,Paris 18ème,1,"(0, 35]",987.75,387500.0,0.0305883871,Paris,18ème,"(0, 35]",1585.5172413779999,0.004091657397104516
205,205,Paris 18ème,1,"(0, 35]",987.75,387500.0,0.0305883871,Paris,18ème,"(50, 80]",2730.0,0.0070451612903225805
206,206,Paris 6ème,1,"(0, 35]",1373.3333333333,495000.0,0.0332929293,Paris,6ème,"(0, 35]",1585.5172413779999,0.0032030651340969694
207,207,Paris 6ème,1,"(0, 35]",1373.3333333333,495000.0,0.0332929293,Paris,6ème,"(50, 80]",2730.0,0.0055151515151515155
208,208,Paris 15ème,1,"(50, 80]",1681.9722222222001,570750.0,0.0353634107,Paris,15ème,"(0, 35]",1585.5172413779999,0.0027779539927779238
209,209,Paris 15ème,1,"(50, 80]",1681.9722222222001,570750.0,0.0353634107,Paris,15ème,"(50, 80]",2730.0,0.004783180026281209
210,210,Paris 4ème,1,"(50, 80]",3040.0,1010000.0,0.0361188119,Paris,4ème,"(0, 35]",1585.5172413779999,0.0015698190508693069
211,211,Paris 4ème,1,"(50, 80]",3040.0,1010000.0,0.0361188119,Paris,4ème,"(50, 80]",2730.0,0.0027029702970297028
212,212,Paris 18ème,1,"(50, 80]",1755.0,575000.0,0.036626087,Paris,18ème,"(0, 35]",1585.5172413779999,0.002757421289353043
213,213,Paris 18ème,1,"(50, 80]",1755.0,575000.0,0.036626087,Paris,18ème,"(50, 80]",2730.0,0.004747826086956522
214,214,Paris 6ème,1,"(80, 999999]",3583.8,1135000.0,0.0378903965,Paris,6ème,"(0, 35]",1585.5172413779999,0.0013969314902008809
215,215,Paris 6ème,1,"(80, 999999]",3583.8,1135000.0,0.0378903965,Paris,6ème,"(50, 80]",2730.0,0.0024052863436123347
216,216,Paris 10ème,1,"(80, 999999]",2800.0,789500.0,0.042558581399999997,Paris,10ème,"(0, 35]",1585.5172413779999,0.0020082548972488916
217,217,Paris 10ème,1,"(80, 999999]",2800.0,789500.0,0.042558581399999997,Paris,10ème,"(50, 80]",2730.0,0.0034578847371754275
218,218,Paris 8ème,1,"(80, 999999]",5065.0,1177833.33333333,0.0516032263,Paris,8ème,"(0, 35]",1585.5172413779999,0.0013461303874724815
219,219,Paris 8ème,1,"(80, 999999]",5065.0,1177833.33333333,0.0516032263,Paris,8ème,"(50, 80]",2730.0,0.0023178151973963558
220,220,Paris 15ème,1,"(80, 999999]",2122.6666666667,474875.0,0.0536393788,Paris,15ème,"(0, 35]",1585.5172413779999,0.0033388096686033162
221,221,Paris 15ème,1,"(80, 999999]",2122.6666666667,474875.0,0.0536393788,Paris,15ème,"(50, 80]",2730.0,0.005748881284548565
222,222,Paris 19ème,1,"(80, 999999]",1926.0,429500.0,0.053811408600000006,Paris,19ème,"(0, 35]",1585.5172413779999,0.003691541889122235
223,223,Paris 19ème,1,"(80, 999999]",1926.0,429500.0,0.053811408600000006,Paris,19ème,"(50, 80]",2730.0,0.006356228172293365
224,224,Paris 11ème,1,"(80, 999999]",2723.5,595000.0,0.0549277311,Paris,11ème,"(0, 35]",1585.5172413779999,0.0026647348594588233
225,225,Paris 11ème,1,"(80, 999999]",2723.5,595000.0,0.0549277311,Paris,11ème,"(50, 80]",2730.0,0.004588235294117647
226,226,Paris 18ème,1,"(80, 999999]",2021.0,430666.66666666704,0.0563126935,Paris,18ème,"(0, 35]",1585.5172413779999,0.0036815415821470554
227,227,Paris 18ème,1,"(80, 999999]",2021.0,430666.66666666704,0.0563126935,Paris,18ème,"(50, 80]",2730.0,0.006339009287925692
228,228,Paris 17ème,1,"(80, 999999]",4043.1016666666997,750000.0,0.0646896267,Paris,17ème,"(0, 35]",1585.5172413779999,0.0021140229885039997
229,229,Paris 17ème,1,"(80, 999999]",4043.1016666666997,750000.0,0.0646896267,Paris,17ème,"(50, 80]",2730.0,0.00364
230,230,Paris 13ème,1,"(80, 999999]",2067.5,338000.0,0.0734023669,Paris,13ème,"(0, 35]",1585.5172413779999,0.004690879412360946
231,231,Paris 13ème,1,"(80, 999999]",2067.5,338000.0,0.0734023669,Paris,13ème,"(50, 80]",2730.0,0.008076923076923077
232,232,Paris 16ème,1,"(80, 999999]",5167.9,806428.5714285721,0.0769005492,Paris,16ème,"(0, 35]",1585.5172413779999,0.0019660975535245335
233,233,Paris 16ème,1,"(80, 999999]",5167.9,806428.5714285721,0.0769005492,Paris,16ème,"(50, 80]",2730.0,0.0033852967227635047
234,234,Paris 12ème,1,"(80, 999999]",2627.0,409333.33333333296,0.0770130293,Paris,12ème,"(0, 35]",1585.5172413779999,0.003873413456135182
235,235,Paris 12ème,1,"(80, 999999]",2627.0,409333.33333333296,0.0770130293,Paris,12ème,"(50, 80]",2730.0,0.006669381107491863
236,236,Paris 14ème,1,"(50, 80]",1339.5,204375.0,0.0786495413,Paris,14ème,"(0, 35]",1585.5172413779999,0.007757882526620183
237,237,Paris 14ème,1,"(50, 80]",1339.5,204375.0,0.0786495413,Paris,14ème,"(50, 80]",2730.0,0.013357798165137614
238,238,Paris 10ème,1,"(50, 80]",1825.0,250000.0,0.0876,Paris,10ème,"(0, 35]",1585.5172413779999,0.0063420689655119995
239,239,Paris 10ème,1,"(50, 80]",1825.0,250000.0,0.0876,Paris,10ème,"(50, 80]",2730.0,0.01092
240,240,Paris 18ème,1,"(35, 50]",1183.9,77500.0,0.1833135484,Paris,18ème,"(0, 35]",1585.5172413779999,0.02045828698552258
241,241,Paris 18ème,1,"(35, 50]",1183.9,77500.0,0.1833135484,Paris,18ème,"(50, 80]",2730.0,0.035225806451612905
242,242,Montpellier,2,"(35, 50]",639.0,645000.0,0.011888372099999999,Montpellier,,"(0, 35]",1211.333333334,0.0018780361757116278
243,243,Montpellier,2,"(50, 80]",911.0,524063.636363636,0.0208600621,Montpellier,,"(0, 35]",1211.333333334,0.002311424127304805
244,244,Montpellier,1,"(0, 35]",465.1005882353,221954.545454545,0.025145720899999998,Montpellier,,"(0, 35]",1211.333333334,0.0054575738958320815
245,245,Montpellier,1,"(35, 50]",630.2966666666999,201411.23255814,0.0375528212,Montpellier,,"(0, 35]",1211.333333334,0.006014229285769018
246,246,Montpellier,2,"(80, 999999]",1361.987,372437.5,0.0438834543,Montpellier,,"(0, 35]",1211.333333334,0.0032524472786279574
247,247,Montpellier,1,"(50, 80]",809.7861904762,207145.484848485,0.046911156600000004,Montpellier,,"(0, 35]",1211.333333334,0.005847741910570826
248,248,Montpellier,1,"(80, 999999]",1150.0,160666.666666667,0.0858921162,Montpellier,,"(0, 35]",1211.333333334,0.007539419087141062
249,249,Rennes,2,"(50, 80]",950.0,697000.0,0.0163558106,Rennes,,"(0, 35]",1151.086956522,0.0016514877424992826
250,250,Rennes,2,"(50, 80]",950.0,697000.0,0.0163558106,Rennes,,"(50, 80]",1080.0,0.0015494978479196557
251,251,Rennes,1,"(0, 35]",407.5,183712.5,0.0266176771,Rennes,,"(0, 35]",1151.086956522,0.00626569752478465
252,252,Rennes,1,"(0, 35]",407.5,183712.5,0.0266176771,Rennes,,"(50, 80]",1080.0,0.00587875076546234
253,253,Rennes,2,"(80, 999999]",1063.2,451410.0,0.0282634412,Rennes,,"(0, 35]",1151.086956522,0.002549981073795441
254,254,Rennes,2,"(80, 999999]",1063.2,451410.0,0.0282634412,Rennes,,"(50, 80]",1080.0,0.0023925034890675883
255,255,Rennes,1,"(35, 50]",535.6588888889,214936.842105263,0.0299060254,Rennes,,"(0, 35]",1151.086956522,0.005355466030147906
256,256,Rennes,1,"(35, 50]",535.6588888889,214936.842105263,0.0299060254,Rennes,,"(50, 80]",1080.0,0.005024731867378425
257,257,Rennes,1,"(50, 80]",659.4991111111,133855.547619048,0.059123357,Rennes,,"(0, 35]",1151.086956522,0.008599471422715969
258,258,Rennes,1,"(50, 80]",659.4991111111,133855.547619048,0.059123357,Rennes,,"(50, 80]",1080.0,0.008068399249866525
259,259,Rennes,1,"(80, 999999]",1111.815,100021.0,0.13338978810000002,Rennes,,"(0, 35]",1151.086956522,0.011508452790134072
260,260,Rennes,1,"(80, 999999]",1111.815,100021.0,0.13338978810000002,Rennes,,"(50, 80]",1080.0,0.010797732476180003
261,261,Nimes,2,"(50, 80]",901.0,645000.0,0.016762790700000002,Nimes,,"(0, 35]",1122.0,0.0017395348837209302
262,262,Nimes,2,"(50, 80]",901.0,645000.0,0.016762790700000002,Nimes,,"(50, 80]",1680.0,0.0026046511627906975
263,263,Nimes,1,"(35, 50]",481.9007692308,146160.0,0.039564923599999996,Nimes,,"(0, 35]",1122.0,0.007676518883415435
264,264,Nimes,1,"(35, 50]",481.9007692308,146160.0,0.039564923599999996,Nimes,,"(50, 80]",1680.0,0.011494252873563218
265,265,Nimes,1,"(0, 35]",482.8333333333,127190.33333333301,0.045553776399999996,Nimes,,"(0, 35]",1122.0,0.008821425108302278
266,266,Nimes,1,"(0, 35]",482.8333333333,127190.33333333301,0.045553776399999996,Nimes,,"(50, 80]",1680.0,0.013208550964302877
267,267,Nimes,2,"(80, 999999]",1102.4117647059,242081.818181818,0.05464657059999999,Nimes,,"(0, 35]",1122.0,0.0046347966502685075
268,268,Nimes,2,"(80, 999999]",1102.4117647059,242081.818181818,0.05464657059999999,Nimes,,"(50, 80]",1680.0,0.006939802470990279
269,269,Nimes,1,"(50, 80]",577.6107407407,123000.0,0.0563522674,Nimes,,"(0, 35]",1122.0,0.009121951219512195
270,270,Nimes,1,"(50, 80]",577.6107407407,123000.0,0.0563522674,Nimes,,"(50, 80]",1680.0,0.013658536585365854
271,271,Nimes,1,"(80, 999999]",665.38125,47500.0,0.16809631579999998,Nimes,,"(0, 35]",1122.0,0.02362105263157895
272,272,Nimes,1,"(80, 999999]",665.38125,47500.0,0.16809631579999998,Nimes,,"(50, 80]",1680.0,0.03536842105263158
273,273,Bordeaux,1,"(0, 35]",546.9230769231,390005.555555556,0.016828162600000002,Bordeaux,,"(0, 35]",1520.714285715,0.003899211854940808
274,274,Bordeaux,1,"(0, 35]",546.9230769231,390005.555555556,0.016828162600000002,Bordeaux,,"(50, 80]",2580.0,0.006615290380478903
275,275,Bordeaux,1,"(35, 50]",579.766,323578.88,0.021500760499999997,Bordeaux,,"(0, 35]",1520.714285715,0.004699671022147675
276,276,Bordeaux,1,"(35, 50]",579.766,323578.88,0.021500760499999997,Bordeaux,,"(50, 80]",2580.0,0.007973326318454406
277,277,Bordeaux,2,"(50, 80]",863.985,367500.0,0.0282117551,Bordeaux,,"(0, 35]",1520.714285715,0.004137998056367347
278,278,Bordeaux,2,"(50, 80]",863.985,367500.0,0.0282117551,Bordeaux,,"(50, 80]",2580.0,0.007020408163265306
279,279,Bordeaux,2,"(80, 999999]",1469.1071428572,580520.0,0.0303680936,Bordeaux,,"(0, 35]",1520.714285715,0.002619572599936264
280,280,Bordeaux,2,"(80, 999999]",1469.1071428572,580520.0,0.0303680936,Bordeaux,,"(50, 80]",2580.0,0.004444291325018949
281,281,Bordeaux,1,"(50, 80]",787.57,237195.263157895,0.0398441346,Bordeaux,,"(0, 35]",1520.714285715,0.006411233788858162
282,282,Bordeaux,1,"(50, 80]",787.57,237195.263157895,0.0398441346,Bordeaux,,"(50, 80]",2580.0,0.010877114347273276
283,283,Bordeaux,1,"(80, 999999]",813.93,241200.0,0.0404940299,Bordeaux,,"(0, 35]",1520.714285715,0.0063047855958333334
284,284,Bordeaux,1,"(80, 999999]",813.93,241200.0,0.0404940299,Bordeaux,,"(50, 80]",2580.0,0.010696517412935324
285,285,Toulouse,2,"(50, 80]",741.0,518250.0,0.0171577424,Toulouse,,"(0, 35]",1067.333333334,0.002059495095675832
286,286,Toulouse,2,"(50, 80]",741.0,518250.0,0.0171577424,Toulouse,,"(50, 80]",2145.0,0.0041389290882778585
287,287,Toulouse,2,"(80, 999999]",1102.1823076923,530050.0,0.0249527171,Toulouse,,"(0, 35]",1067.333333334,0.002013646511336666
288,288,Toulouse,2,"(80, 999999]",1102.1823076923,530050.0,0.0249527171,Toulouse,,"(50, 80]",2145.0,0.004046788038864258
289,289,Toulouse,1,"(0, 35]",455.57730769230005,196577.333333333,0.02781057,Toulouse,,"(0, 35]",1067.333333334,0.005429584964020954
290,290,Toulouse,1,"(0, 35]",455.57730769230005,196577.333333333,0.02781057,Toulouse,,"(50, 80]",2145.0,0.010911736178467525
291,291,Toulouse,1,"(35, 50]",586.9710714286,204626.19047619,0.0344220495,Toulouse,,"(0, 35]",1067.333333334,0.005216015265935341
292,292,Toulouse,1,"(35, 50]",586.9710714286,204626.19047619,0.0344220495,Toulouse,,"(50, 80]",2145.0,0.010482529118136463
293,293,Toulouse,1,"(50, 80]",691.8565909091001,183092.37254902,0.0453447567,Toulouse,,"(0, 35]",1067.333333334,0.005829480051378104
294,294,Toulouse,1,"(50, 80]",691.8565909091001,183092.37254902,0.0453447567,Toulouse,,"(50, 80]",2145.0,0.011715397917112638
295,295,Toulouse,1,"(80, 999999]",1159.5714285714,182488.529411765,0.0762505851,Toulouse,,"(0, 35]",1067.333333334,0.005848769436492534
296,296,Toulouse,1,"(80, 999999]",1159.5714285714,182488.529411765,0.0762505851,Toulouse,,"(50, 80]",2145.0,0.011754163436541521
297,297,Toulon,1,"(0, 35]",453.5555555556,225566.666666667,0.0241288606,Toulon,,"(0, 35]",1359.999999999,0.006029259642377706
298,298,Toulon,1,"(0, 35]",453.5555555556,225566.666666667,0.0241288606,Toulon,,"(50, 80]",1665.0,0.0073814097827693105
299,299,Toulon,1,"(0, 35]",453.5555555556,225566.666666667,0.0241288606,Toulon,,"(80, 999999]",2760.0,0.012235850450716694
300,300,Toulon,1,"(35, 50]",545.84375,187857.14285714302,0.0348675856,Toulon,,"(0, 35]",1359.999999999,0.007239543726230412
301,301,Toulon,1,"(35, 50]",545.84375,187857.14285714302,0.0348675856,Toulon,,"(50, 80]",1665.0,0.008863117870722427
302,302,Toulon,1,"(35, 50]",545.84375,187857.14285714302,0.0348675856,Toulon,,"(80, 999999]",2760.0,0.014692015209125463
303,303,Toulon,1,"(80, 999999]",885.0,188000.0,0.0564893617,Toulon,,"(0, 35]",1359.999999999,0.00723404255318617
304,304,Toulon,1,"(80, 999999]",885.0,188000.0,0.0564893617,Toulon,,"(50, 80]",1665.0,0.008856382978723404
305,305,Toulon,1,"(80, 999999]",885.0,188000.0,0.0564893617,Toulon,,"(80, 999999]",2760.0,0.014680851063829787
306,306,Toulon,1,"(50, 80]",694.3157894737,142206.25,0.0585894746,Toulon,,"(0, 35]",1359.999999999,0.009563574034186261
307,307,Toulon,1,"(50, 80]",694.3157894737,142206.25,0.0585894746,Toulon,,"(50, 80]",1665.0,0.01170834615215576
308,308,Toulon,1,"(50, 80]",694.3157894737,142206.25,0.0585894746,Toulon,,"(80, 999999]",2760.0,0.019408429657627565
309,309,Lille,2,"(50, 80]",516.0,249000.0,0.0248674699,Lille,,"(0, 35]",1361.584158417,0.005468209471554217
310,310,Lille,2,"(50, 80]",516.0,249000.0,0.0248674699,Lille,,"(50, 80]",3420.0,0.013734939759036145
311,311,Lille,2,"(50, 80]",516.0,249000.0,0.0248674699,Lille,,"(80, 999999]",4620.0,0.01855421686746988
312,312,Lille,1,"(0, 35]",516.0,183319.615384615,0.033777072799999995,Lille,,"(0, 35]",1361.584158417,0.0074273784371646145
313,313,Lille,1,"(0, 35]",516.0,183319.615384615,0.033777072799999995,Lille,,"(50, 80]",3420.0,0.018655941388621426
314,314,Lille,1,"(0, 35]",516.0,183319.615384615,0.033777072799999995,Lille,,"(80, 999999]",4620.0,0.025201885735506135
315,315,Lille,1,"(35, 50]",702.4128571429,212132.24137931,0.0397344328,Lille,,"(0, 35]",1361.584158417,0.006418563013164863
316,316,Lille,1,"(35, 50]",702.4128571429,212132.24137931,0.0397344328,Lille,,"(50, 80]",3420.0,0.01612201887729436
317,317,Lille,1,"(35, 50]",702.4128571429,212132.24137931,0.0397344328,Lille,,"(80, 999999]",4620.0,0.021778867606169577
318,318,Lille,1,"(50, 80]",875.1428571429,239266.666666667,0.043891255,Lille,,"(0, 35]",1361.584158417,0.00569065544058372
319,319,Lille,1,"(50, 80]",875.1428571429,239266.666666667,0.043891255,Lille,,"(50, 80]",3420.0,0.014293675118417367
320,320,Lille,1,"(50, 80]",875.1428571429,239266.666666667,0.043891255,Lille,,"(80, 999999]",4620.0,0.019308999721370828
321,321,Lille,2,"(80, 999999]",1381.2857142857001,313583.333333333,0.0528581299,Lille,,"(0, 35]",1361.584158417,0.004342016981398888
322,322,Lille,2,"(80, 999999]",1381.2857142857001,313583.333333333,0.0528581299,Lille,,"(50, 80]",3420.0,0.010906191868190284
323,323,Lille,2,"(80, 999999]",1381.2857142857001,313583.333333333,0.0528581299,Lille,,"(80, 999999]",4620.0,0.014732925857028982
324,324,Lille,1,"(80, 999999]",1985.3333333332998,291700.0,0.0816729517,Lille,,"(0, 35]",1361.584158417,0.004667755085419952
325,325,Lille,1,"(80, 999999]",1985.3333333332998,291700.0,0.0816729517,Lille,,"(50, 80]",3420.0,0.011724374357216318
326,326,Lille,1,"(80, 999999]",1985.3333333332998,291700.0,0.0816729517,Lille,,"(80, 999999]",4620.0,0.01583818992115187
327,327,Dijon,2,"(50, 80]",900.0,373000.0,0.028954423599999998,Dijon,,"(0, 35]",1347.0731707319999,0.003611456221801608
328,328,Dijon,2,"(50, 80]",900.0,373000.0,0.028954423599999998,Dijon,,"(50, 80]",1430.000000001,0.0038337801608605898
329,329,Dijon,1,"(0, 35]",445.9333333333,149205.882352941,0.0358645377,Dijon,,"(0, 35]",1347.0731707319999,0.009028284605733895
330,330,Dijon,1,"(0, 35]",445.9333333333,149205.882352941,0.0358645377,Dijon,,"(50, 80]",1430.000000001,0.009584072540909531
331,331,Dijon,2,"(80, 999999]",1148.5717647059,368026.086956522,0.0374507723,Dijon,,"(0, 35]",1347.0731707319999,0.003660265449854213
332,332,Dijon,2,"(80, 999999]",1148.5717647059,368026.086956522,0.0374507723,Dijon,,"(50, 80]",1430.000000001,0.003885594121402426
333,333,Dijon,2,"(35, 50]",627.0,182250.0,0.0412839506,Dijon,,"(0, 35]",1347.0731707319999,0.007391347987555555
334,334,Dijon,2,"(35, 50]",627.0,182250.0,0.0412839506,Dijon,,"(50, 80]",1430.000000001,0.007846364883407408
335,335,Dijon,1,"(35, 50]",534.9651111111,131847.4,0.0486894799,Dijon,,"(0, 35]",1347.0731707319999,0.010216911146765123
336,336,Dijon,1,"(35, 50]",534.9651111111,131847.4,0.0486894799,Dijon,,"(50, 80]",1430.000000001,0.010845871818488647
337,337,Dijon,1,"(50, 80]",571.7984444444,117919.058823529,0.058188908600000006,Dijon,,"(0, 35]",1347.0731707319999,0.011423710332932298
338,338,Dijon,1,"(50, 80]",571.7984444444,117919.058823529,0.058188908600000006,Dijon,,"(50, 80]",1430.000000001,0.012126962462794561
339,339,Dijon,1,"(80, 999999]",716.0471428571001,100357.142857143,0.08561987189999999,Dijon,,"(0, 35]",1347.0731707319999,0.01342279316031884
340,340,Dijon,1,"(80, 999999]",716.0471428571001,100357.142857143,0.08561987189999999,Dijon,,"(50, 80]",1430.000000001,0.014249110320294642
341,341,Brest,2,"(50, 80]",665.0,264700.0,0.0301473366,Brest,,"(0, 35]",1446.585365853,0.005464999493211183
342,342,Brest,2,"(50, 80]",665.0,264700.0,0.0301473366,Brest,,"(50, 80]",1818.0,0.0068681526256139025
343,343,Brest,2,"(50, 80]",665.0,264700.0,0.0301473366,Brest,,"(80, 999999]",2300.000000001,0.008689081979603325
344,344,Brest,1,"(0, 35]",377.6314285714,125600.0,0.0360794359,Brest,,"(0, 35]",1446.585365853,0.011517399409657644
345,345,Brest,1,"(0, 35]",377.6314285714,125600.0,0.0360794359,Brest,,"(50, 80]",1818.0,0.014474522292993631
346,346,Brest,1,"(0, 35]",377.6314285714,125600.0,0.0360794359,Brest,,"(80, 999999]",2300.000000001,0.018312101910835987
347,347,Brest,2,"(80, 999999]",778.0464285714,234820.0,0.0397604852,Brest,,"(0, 35]",1446.585365853,0.006160401012916276
348,348,Brest,2,"(80, 999999]",778.0464285714,234820.0,0.0397604852,Brest,,"(50, 80]",1818.0,0.007742100332169322
349,349,Brest,2,"(80, 999999]",778.0464285714,234820.0,0.0397604852,Brest,,"(80, 999999]",2300.000000001,0.009794736393837834
350,350,Brest,1,"(35, 50]",451.0657142857,83245.2941176471,0.0650221569,Brest,,"(0, 35]",1446.585365853,0.01737738308436512
351,351,Brest,1,"(35, 50]",451.0657142857,83245.2941176471,0.0650221569,Brest,,"(50, 80]",1818.0,0.021839072337599005
352,352,Brest,1,"(35, 50]",451.0657142857,83245.2941176471,0.0650221569,Brest,,"(80, 999999]",2300.000000001,0.027629189426017352
353,353,Brest,1,"(80, 999999]",690.34,109525.0,0.07563643,Brest,,"(0, 35]",1446.585365853,0.013207809777247203
354,354,Brest,1,"(80, 999999]",690.34,109525.0,0.07563643,Brest,,"(50, 80]",1818.0,0.01659895001141292
355,355,Brest,1,"(80, 999999]",690.34,109525.0,0.07563643,Brest,,"(80, 999999]",2300.000000001,0.020999771741620633
356,356,Brest,1,"(50, 80]",542.4929824561,84726.2452830189,0.0768347018,Brest,,"(0, 35]",1446.585365853,0.01707363947287924
357,357,Brest,1,"(50, 80]",542.4929824561,84726.2452830189,0.0768347018,Brest,,"(50, 80]",1818.0,0.02145734174726104
358,358,Brest,1,"(50, 80]",542.4929824561,84726.2452830189,0.0768347018,Brest,,"(80, 999999]",2300.000000001,0.027146251935490563
359,359,Reims,1,"(0, 35]",392.4285714286,152157.7,0.0309490933,Reims,,"(0, 35]",1424.0625,0.009359122147613955
360,360,Reims,1,"(0, 35]",392.4285714286,152157.7,0.0309490933,Reims,,"(50, 80]",2105.000000001,0.013834331092024917
361,361,Reims,1,"(0, 35]",392.4285714286,152157.7,0.0309490933,Reims,,"(80, 999999]",3405.0,0.022378098512267207
362,362,Reims,2,"(50, 80]",730.75,278848.15789473697,0.0314472223,Reims,,"(0, 35]",1424.0625,0.005106946055342322
363,363,Reims,2,"(50, 80]",730.75,278848.15789473697,0.0314472223,Reims,,"(50, 80]",2105.000000001,0.007548911263726624
364,364,Reims,2,"(50, 80]",730.75,278848.15789473697,0.0314472223,Reims,,"(80, 999999]",3405.0,0.012210946723504486
365,365,Reims,1,"(35, 50]",499.7308823529,147412.06896551698,0.0406803231,Reims,,"(0, 35]",1424.0625,0.009660420004912355
366,366,Reims,1,"(35, 50]",499.7308823529,147412.06896551698,0.0406803231,Reims,,"(50, 80]",2105.000000001,0.01427969917777497
367,367,Reims,1,"(35, 50]",499.7308823529,147412.06896551698,0.0406803231,Reims,,"(80, 999999]",3405.0,0.023098515772114334
368,368,Reims,2,"(80, 999999]",1056.4264705882001,294211.48648648604,0.0430884525,Reims,,"(0, 35]",1424.0625,0.004840268192810382
369,369,Reims,2,"(80, 999999]",1056.4264705882001,294211.48648648604,0.0430884525,Reims,,"(50, 80]",2105.000000001,0.007154717258456489
370,370,Reims,2,"(80, 999999]",1056.4264705882001,294211.48648648604,0.0430884525,Reims,,"(80, 999999]",3405.0,0.011573307489326733
371,371,Reims,1,"(50, 80]",637.4051851851999,149116.014705882,0.051294706600000003,Reims,,"(0, 35]",1424.0625,0.00955003057725782
372,372,Reims,1,"(50, 80]",637.4051851851999,149116.014705882,0.051294706600000003,Reims,,"(50, 80]",2105.000000001,0.014116525338696345
373,373,Reims,1,"(50, 80]",637.4051851851999,149116.014705882,0.051294706600000003,Reims,,"(80, 999999]",3405.0,0.02283456949084951
374,374,Reims,1,"(80, 999999]",889.0013043478,146181.59375,0.0729778311,Reims,,"(0, 35]",1424.0625,0.009741736038501769
375,375,Reims,1,"(80, 999999]",889.0013043478,146181.59375,0.0729778311,Reims,,"(50, 80]",2105.000000001,0.014399897729949328
376,376,Reims,1,"(80, 999999]",889.0013043478,146181.59375,0.0729778311,Reims,,"(80, 999999]",3405.0,0.023292946209241886
377,377,Grenoble,1,"(50, 80]",565.2671428571,193961.538461538,0.0349719113,Grenoble,,"(0, 35]",1008.857142858,0.005201325741484843
378,378,Grenoble,1,"(50, 80]",565.2671428571,193961.538461538,0.0349719113,Grenoble,,"(50, 80]",2469.999999999,0.012734483442390273
379,379,Grenoble,1,"(0, 35]",454.6470588235,152650.0,0.0357403518,Grenoble,,"(0, 35]",1008.857142858,0.006608956061958729
380,380,Grenoble,1,"(0, 35]",454.6470588235,152650.0,0.0357403518,Grenoble,,"(50, 80]",2469.999999999,0.016180805764814937
381,381,Grenoble,1,"(35, 50]",500.8,132485.714285714,0.045360362300000005,Grenoble,,"(0, 35]",1008.857142858,0.007614837179217183
382,382,Grenoble,1,"(35, 50]",500.8,132485.714285714,0.045360362300000005,Grenoble,,"(50, 80]",2469.999999999,0.01864351951692154
383,383,Grenoble,1,"(80, 999999]",906.74,152250.0,0.0714671921,Grenoble,,"(0, 35]",1008.857142858,0.006626319493320197
384,384,Grenoble,1,"(80, 999999]",906.74,152250.0,0.0714671921,Grenoble,,"(50, 80]",2469.999999999,0.016223316912965517
385,385,Saint-Étienne,1,"(35, 50]",413.5714285714,94462.5,0.0525378552,Saint-Étienne,,"(0, 35]",2060.571428571,0.021813644870408894
386,386,Saint-Étienne,1,"(35, 50]",413.5714285714,94462.5,0.0525378552,Saint-Étienne,,"(50, 80]",3630.0,0.03842794759825328
387,387,Saint-Étienne,1,"(35, 50]",413.5714285714,94462.5,0.0525378552,Saint-Étienne,,"(80, 999999]",2460.0,0.026042080190551806
388,388,Saint-Étienne,1,"(0, 35]",360.0,79500.0,0.0543396226,Saint-Étienne,,"(0, 35]",2060.571428571,0.025919137466301888
389,389,Saint-Étienne,1,"(0, 35]",360.0,79500.0,0.0543396226,Saint-Étienne,,"(50, 80]",3630.0,0.045660377358490566
390,390,Saint-Étienne,1,"(0, 35]",360.0,79500.0,0.0543396226,Saint-Étienne,,"(80, 999999]",2460.0,0.030943396226415093
391,391,Saint-Étienne,1,"(50, 80]",455.1122222222,94688.7391304348,0.0576768338,Saint-Étienne,,"(0, 35]",2060.571428571,0.021761525683983814
392,392,Saint-Étienne,1,"(50, 80]",455.1122222222,94688.7391304348,0.0576768338,Saint-Étienne,,"(50, 80]",3630.0,0.038336131976576794
393,393,Saint-Étienne,1,"(50, 80]",455.1122222222,94688.7391304348,0.0576768338,Saint-Étienne,,"(80, 999999]",2460.0,0.0259798580337132
394,394,Saint-Étienne,1,"(80, 999999]",1260.0,199000.0,0.0759798995,Saint-Étienne,,"(0, 35]",2060.571428571,0.010354630294326634
395,395,Saint-Étienne,1,"(80, 999999]",1260.0,199000.0,0.0759798995,Saint-Étienne,,"(50, 80]",3630.0,0.018241206030150753
396,396,Saint-Étienne,1,"(80, 999999]",1260.0,199000.0,0.0759798995,Saint-Étienne,,"(80, 999999]",2460.0,0.012361809045226132
